"domain";"question";"grounded_response"
"finance";"What is the current annual contribution limit for a Roth IRA for individuals under 50 years old as of 2024?";"As of 2024, the annual contribution limit for a Roth IRA is $7,000 for individuals under 50 years old. This represents an increase from the 2023 limit of $6,500, adjusted for inflation."
"finance";"What does P/E ratio stand for in stock market analysis?";"P/E ratio stands for Price-to-Earnings ratio. It is calculated by dividing a company's current stock price by its earnings per share (EPS). This metric helps investors evaluate whether a stock is overvalued or undervalued by showing how much investors are willing to pay for each dollar of the company's earnings."
"finance";"What is the difference between a traditional IRA and a Roth IRA in terms of tax treatment?";"The main tax difference is when you pay taxes. With a traditional IRA, contributions are typically tax-deductible now, but you pay income taxes on withdrawals in retirement. With a Roth IRA, contributions are made with after-tax dollars (no upfront deduction), but qualified withdrawals in retirement are completely tax-free."
"finance";"What is compound interest and how does it differ from simple interest?";"Compound interest is interest calculated on both the initial principal and the accumulated interest from previous periods, meaning you earn interest on interest. Simple interest, in contrast, is calculated only on the original principal amount throughout the entire investment or loan period. This difference means compound interest grows exponentially over time, while simple interest grows linearly, making compound interest significantly more powerful for long-term savings and investments."
"finance";"What does FDIC stand for and what is the standard insurance coverage limit per depositor per bank?";"FDIC stands for Federal Deposit Insurance Corporation. The standard insurance coverage limit is $250,000 per depositor, per insured bank, for each account ownership category."
"finance";"What is a 401(k) plan?";"A 401(k) plan is an employer-sponsored retirement savings account that allows employees to contribute a portion of their pre-tax salary toward retirement investments. Contributions grow tax-deferred until withdrawal, typically after age 59¬Ω, and many employers offer matching contributions up to a certain percentage. The plan is named after Section 401(k) of the U.S. Internal Revenue Code that established it."
"finance";"What is the definition of a bear market in terms of percentage decline?";"A bear market is typically defined as a decline of 20% or more in a stock market index or individual security from its recent peak. This decline must be sustained over a period of at least two months to be officially considered a bear market, distinguishing it from a short-term correction (which is usually a 10% decline)."
"finance";"What is dollar-cost averaging as an investment strategy?";"Dollar-cost averaging is an investment strategy where you invest a fixed amount of money at regular intervals (such as monthly or weekly) regardless of market conditions or asset prices. This approach means you automatically buy more shares when prices are low and fewer shares when prices are high, potentially reducing the impact of market volatility and eliminating the need to time the market. It's commonly used with retirement accounts like 401(k)s, where contributions are made with each paycheck."
"finance";"What is the difference between a stock and a bond?";"A stock represents ownership in a company, giving shareholders a claim on the company's assets and earnings, along with potential dividends and voting rights. A bond is a loan to a company or government where the bondholder receives regular interest payments and the principal back at maturity. Stocks offer higher potential returns but more risk, while bonds provide more predictable income with generally lower risk."
"finance";"What does APR stand for and what does it represent?";"APR stands for Annual Percentage Rate. It represents the total yearly cost of borrowing money, expressed as a percentage, which includes the interest rate plus any additional fees or charges associated with the loan. APR allows consumers to compare the true cost of different loans or credit products on a standardized basis."
"finance";"What is a credit score and what is the range of FICO scores?";"A credit score is a numerical representation of your creditworthiness that lenders use to evaluate how likely you are to repay borrowed money. The FICO score, the most widely used credit scoring model, ranges from 300 to 850, with higher scores indicating better creditworthiness and lower credit risk to lenders."
"finance";"What is the S&P 500 index?";"The S&P 500 is a stock market index that tracks the performance of approximately 500 of the largest publicly traded companies in the United States. It is widely considered one of the best indicators of the overall U.S. stock market and economy, representing about 80% of the total U.S. stock market value. The index is maintained by S&P Dow Jones Indices and is commonly used as a benchmark for investment performance."
"finance";"What is diversification in an investment portfolio?";"Diversification is an investment strategy that involves spreading your money across different types of assets, industries, and geographic regions to reduce risk. The core principle is don't put all your eggs in one basket - by holding a variety of investments, poor performance in one area can potentially be offset by better performance in others. This approach helps minimize the impact of any single investment's losses on your overall portfolio while maintaining growth potential."
"finance";"What is the difference between gross income and net income?";"Gross income is the total amount of money earned before any deductions, such as taxes, insurance, or retirement contributions. Net income, often called take-home pay, is what remains after all deductions and expenses have been subtracted from gross income. In simple terms, gross income is what you earn, while net income is what you actually receive or keep."
"finance";"What is a mutual fund?";"A mutual fund is an investment vehicle that pools money from many investors to purchase a diversified portfolio of stocks, bonds, or other securities. Professional fund managers make investment decisions on behalf of the investors, who own shares proportional to their investment. Mutual funds offer individuals access to diversified portfolios and professional management, with returns (or losses) distributed among shareholders based on their ownership stake."
"finance";"What does ETF stand for and what is an ETF?";"ETF stands for Exchange-Traded Fund. An ETF is an investment fund that holds a collection of assets (such as stocks, bonds, or commodities) and trades on stock exchanges throughout the day, similar to individual stocks. This allows investors to buy shares that represent ownership in a diversified portfolio of assets with the convenience and flexibility of stock trading."
"finance";"What is the rule of 72 in finance?";"The Rule of 72 is a simple formula used to estimate how long it will take for an investment to double in value at a fixed annual rate of return. You divide 72 by the annual interest rate to get the approximate number of years needed for doubling. For example, at an 8% annual return, an investment would double in approximately 9 years (72 / 8 = 9)."
"finance";"What is a capital gain in investing?";"A capital gain is the profit earned when you sell an investment for more than you paid for it. For example, if you buy a stock for $100 and sell it for $150, your capital gain is $50. Capital gains are typically subject to taxation, with different tax rates applying based on how long you held the investment before selling."
"finance";"What is the difference between a debit card and a credit card?";"A debit card withdraws money directly from your bank account when you make a purchase, so you're spending your own funds. A credit card borrows money from the card issuer up to a set limit, which you must pay back later, potentially with interest if you don't pay the full balance by the due date."
"finance";"What is an expense ratio in the context of mutual funds and ETFs?";"An expense ratio is the annual fee that mutual funds and ETFs charge investors, expressed as a percentage of assets under management. It covers operating costs such as management fees, administrative expenses, and other fund operational costs. For example, a 0.50% expense ratio means you pay $5 annually for every $1,000 invested, and this fee is automatically deducted from the fund's returns."
"medical";"What is the normal range for human body temperature in Celsius?";"The normal range for human body temperature is generally considered to be between 36.1¬∞C and 37.2¬∞C (97¬∞F to 99¬∞F) when measured orally. The average normal body temperature is typically cited as 37¬∞C (98.6¬∞F), though individual baseline temperatures can vary slightly based on factors like time of day, age, and activity level."
"medical";"What is the primary function of red blood cells?";"The primary function of red blood cells is to transport oxygen from the lungs to tissues throughout the body and carry carbon dioxide back to the lungs for exhalation. This is accomplished through hemoglobin, a protein inside red blood cells that binds to oxygen and gives blood its red color."
"medical";"Which organ produces insulin?";"The pancreas produces insulin. This organ contains specialized cells called beta cells, located in clusters known as the islets of Langerhans, which are responsible for synthesizing and secreting insulin into the bloodstream."
"medical";"What is the name of the virus that causes chickenpox?";"The virus that causes chickenpox is called varicella-zoster virus (VZV). It is a member of the herpesvirus family and can remain dormant in the body after initial infection, potentially reactivating later in life to cause shingles."
"medical";"What are the three macronutrients required for human health?";"The three macronutrients required for human health are carbohydrates, proteins, and fats (lipids). These nutrients are called macro because the body needs them in relatively large amounts to provide energy, support growth and development, and maintain essential bodily functions."
"medical";"What is the medical term for high blood pressure?";"The medical term for high blood pressure is hypertension. It refers to a condition where the force of blood against artery walls is consistently too high, typically defined as a reading of 130/80 mmHg or higher."
"medical";"What is the function of the myelin sheath?";"The myelin sheath is a fatty insulating layer that wraps around nerve axons and serves to dramatically increase the speed of electrical signal transmission along neurons. It allows nerve impulses to jump between gaps called nodes of Ranvier through a process called saltatory conduction, which can increase signal speed up to 100 times faster than unmyelinated axons. This insulation also helps prevent signal loss and reduces energy requirements for nerve impulse transmission."
"medical";"What is the recommended daily intake of sodium for adults (in milligrams)?";"The American Heart Association recommends no more than 2,300 milligrams of sodium per day for adults, with an ideal limit of 1,500 mg per day for most adults, especially those with high blood pressure. The FDA's general guideline is less than 2,300 mg daily, which equals about one teaspoon of table salt."
"medical";"What is the role of antibodies in the immune system?";"Antibodies are Y-shaped proteins produced by B cells that recognize and bind to specific foreign substances (antigens) such as viruses, bacteria, or toxins. Once attached to their target, antibodies neutralize pathogens directly or mark them for destruction by other immune cells. They also activate the complement system, which helps eliminate pathogens, and provide immune memory for faster responses to future infections with the same pathogen."
"medical";"What is the name of the ethical principle that emphasizes doing good for the patient?";"The ethical principle is called beneficence. It obligates healthcare providers to act in ways that promote the well-being and best interests of their patients, taking positive steps to help them and maximize benefits while minimizing harm."
"medical";"What is the main difference between type 1 and type 2 diabetes?";"Type 1 diabetes is an autoimmune condition where the body's immune system destroys insulin-producing cells in the pancreas, resulting in little to no insulin production. Type 2 diabetes occurs when the body becomes resistant to insulin or doesn't produce enough insulin to maintain normal blood sugar levels, often associated with lifestyle factors like obesity and physical inactivity. Type 1 typically develops in childhood or young adulthood and requires insulin treatment, while type 2 usually develops in adults and may initially be managed with lifestyle changes and oral medications."
"medical";"What is the name of the procedure used to visualize the inside of the colon?";"The procedure used to visualize the inside of the colon is called a colonoscopy. During this procedure, a long, flexible tube with a camera (colonoscope) is inserted through the rectum to examine the entire length of the colon for abnormalities such as polyps, inflammation, or cancer."
"medical";"What is the function of the neurotransmitter dopamine?";"Dopamine is a neurotransmitter that plays several critical roles in the brain and body. Its primary functions include regulating motivation, reward, and pleasure, as well as controlling voluntary movement and motor coordination. Dopamine also influences mood, attention, learning, and decision-making processes, making it essential for both cognitive and physical functioning."
"medical";"What is the Glasgow Coma Scale used to assess?";"The Glasgow Coma Scale (GCS) is used to assess a person's level of consciousness after a brain injury or during acute illness. It evaluates three responses: eye opening, verbal response, and motor response, with scores ranging from 3 (deep unconsciousness) to 15 (fully alert and oriented). The GCS helps healthcare providers quickly determine the severity of neurological impairment and monitor changes in a patient's condition over time."
"medical";"What is the etiology of sickle cell anemia?";"Sickle cell anemia is caused by a point mutation in the beta-globin gene on chromosome 11, where adenine is substituted for thymine at codon 6. This results in the replacement of glutamic acid with valine in the hemoglobin beta chain, producing abnormal hemoglobin S (HbS) instead of normal hemoglobin A (HbA). The disease follows an autosomal recessive inheritance pattern, requiring two copies of the mutated gene for the full disease to manifest."
"medical";"What is the difference between a benign and a malignant tumor?";"A benign tumor is a non-cancerous growth that remains localized, grows slowly, and does not invade nearby tissues or spread to other parts of the body. A malignant tumor is cancerous, grows more rapidly, can invade surrounding tissues, and has the ability to metastasize (spread) to distant organs through the bloodstream or lymphatic system. Malignant tumors are generally more dangerous and life-threatening than benign tumors."
"medical";"What are the three germ layers formed during embryonic development?";"The three germ layers formed during embryonic development are the ectoderm, mesoderm, and endoderm. These layers arise during a process called gastrulation in early embryonic development. Each germ layer differentiates to form specific tissues and organs: the ectoderm forms the nervous system and skin, the mesoderm forms muscles, bones, and the circulatory system, and the endoderm forms the digestive tract and internal organs."
"medical";"What is the mechanism of action of penicillin antibiotics?";"Penicillin antibiotics inhibit bacterial cell wall synthesis by binding to and inactivating penicillin-binding proteins (PBPs), which are enzymes essential for cross-linking peptidoglycan chains. This prevents the formation of a strong, intact cell wall, leading to osmotic instability and bacterial cell lysis. Penicillins are most effective against actively growing bacteria that are synthesizing new cell wall material."
"medical";"What is the purpose of a placebo in clinical trials?";"A placebo serves as a control in clinical trials to help determine whether a treatment's effects are due to the actual therapeutic intervention or to psychological factors and natural disease progression. By comparing outcomes between patients receiving the real treatment and those receiving an inactive placebo, researchers can isolate the specific effects of the drug or intervention being tested. This helps ensure that any observed benefits are genuinely caused by the treatment itself rather than expectations, bias, or chance."
"medical";"What is the function of the enzyme reverse transcriptase in HIV?";"Reverse transcriptase is an enzyme that allows HIV to convert its single-stranded RNA genome into double-stranded DNA once inside a host cell. This DNA copy can then integrate into the host cell's chromosome, enabling the virus to hijack the cell's machinery to produce new viral particles. This reverse transcription process is essential for HIV replication and is a major target for antiretroviral drugs."
"finance";"What is dollar-cost averaging?";"Dollar-cost averaging is an investment strategy where you invest a fixed amount of money at regular intervals, regardless of the asset's price. This means you buy more shares when prices are low and fewer when prices are high, which can reduce the impact of volatility over time and lower the average cost per share."
"finance";"What is a mutual fund?";"A mutual fund is a pooled investment vehicle managed by a professional fund manager that collects money from many investors to purchase a diversified portfolio of stocks, bonds, or other securities. Investors own shares in the fund proportional to their investment, and returns are distributed accordingly."
"finance";"What is the difference between a stock and a bond?";"A stock represents partial ownership in a company, giving the holder a claim on future profits through dividends and capital appreciation. A bond is a debt instrument where the investor lends money to an entity in exchange for periodic interest payments and the return of principal at maturity. Stocks generally carry more risk but higher potential returns."
"finance";"What is an IPO?";"An IPO, or Initial Public Offering, is the process by which a private company offers shares to the public for the first time on a stock exchange. This allows the company to raise capital from public investors and typically involves underwriters who help determine the offering price and manage the sale."
"finance";"What is inflation and how is it measured?";"Inflation is the rate at which the general level of prices for goods and services rises over time, eroding purchasing power. It is commonly measured using the Consumer Price Index (CPI), which tracks the price changes of a basket of goods and services purchased by typical consumers, and the Personal Consumption Expenditures (PCE) index."
"finance";"What is a hedge fund?";"A hedge fund is a pooled investment fund that uses various strategies‚Äîincluding leverage, short selling, derivatives, and arbitrage‚Äîto generate returns for its investors. Hedge funds are typically available only to accredited or institutional investors and are less regulated than mutual funds. They charge both management fees and performance fees."
"finance";"What is the Federal Reserve and what does it do?";"The Federal Reserve is the central banking system of the United States, established in 1913. It conducts monetary policy by setting interest rates and managing the money supply, supervises and regulates banks, maintains financial system stability, and provides banking services to the government and financial institutions."
"finance";"What are derivatives in finance?";"Derivatives are financial contracts whose value is derived from the performance of an underlying asset, index, or rate. Common types include options, futures, forwards, and swaps. They are used for hedging risk, speculation, and gaining access to otherwise hard-to-trade assets or markets."
"finance";"What is a bear market?";"A bear market is a market condition where securities prices fall 20% or more from recent highs, typically accompanied by widespread pessimism and negative investor sentiment. Bear markets can last months or years and are often associated with economic recessions, declining corporate earnings, and rising unemployment."
"finance";"What is a dividend?";"A dividend is a distribution of a portion of a company's earnings to its shareholders, decided by the board of directors. Dividends can be paid in cash or additional shares of stock and are typically issued quarterly. They represent a way for companies to share profits with investors and are an important component of total investment return."
"finance";"What is quantitative easing?";"Quantitative easing is an unconventional monetary policy tool used by central banks to stimulate the economy when standard interest rate policies become insufficient. The central bank purchases large quantities of government bonds and other financial assets to inject money directly into the economy, lower long-term interest rates, and encourage lending and investment."
"finance";"What is market capitalization?";"Market capitalization is the total market value of a company's outstanding shares, calculated by multiplying the current share price by the total number of shares outstanding. It is commonly used to classify companies as large-cap, mid-cap, or small-cap, and serves as a quick measure of a company's size and relative value in the market."
"finance";"What is a balance sheet?";"A balance sheet is a financial statement that reports a company's assets, liabilities, and shareholders' equity at a specific point in time. It follows the fundamental accounting equation: Assets = Liabilities + Equity. The balance sheet provides a snapshot of what the company owns, what it owes, and the residual interest of shareholders."
"finance";"What is the difference between fiscal policy and monetary policy?";"Fiscal policy involves government decisions about taxation and spending to influence the economy, controlled by legislative and executive branches. Monetary policy involves managing interest rates and money supply to achieve economic goals, controlled by the central bank. Both tools can be used to stimulate or cool economic activity but operate through different mechanisms."
"finance";"What is short selling?";"Short selling is an investment strategy where an investor borrows shares of a stock and sells them on the open market, planning to buy them back later at a lower price. The investor profits from the difference between the selling price and the lower repurchase price. It carries significant risk because losses are theoretically unlimited if the stock price rises."
"finance";"What is a yield curve?";"A yield curve is a graphical representation of interest rates on bonds of the same credit quality but different maturity dates. A normal yield curve slopes upward, indicating higher rates for longer maturities. An inverted yield curve, where short-term rates exceed long-term rates, is often considered a predictor of economic recession."
"finance";"What is the difference between GDP and GNP?";"GDP (Gross Domestic Product) measures the total value of goods and services produced within a country's borders regardless of who produces them. GNP (Gross National Product) measures the total value of goods and services produced by a country's residents regardless of where production occurs. The key difference is geographic versus national ownership."
"finance";"What is a treasury bond?";"A treasury bond is a long-term government debt security issued by the U.S. Department of the Treasury with maturities ranging from 20 to 30 years. They pay interest every six months at a fixed rate and return the face value at maturity. Treasury bonds are considered among the safest investments because they are backed by the full faith and credit of the U.S. government."
"finance";"What is a stock split?";"A stock split is a corporate action where a company divides its existing shares into multiple shares to lower the trading price per share. For example, in a 2-for-1 split, each shareholder receives one additional share for every share they own, while the share price is halved. The total value of holdings remains the same; only the number of shares and price per share change."
"finance";"What is an annuity?";"An annuity is a financial product sold by insurance companies that provides a stream of payments to the holder at regular intervals, typically used for retirement income. The investor makes either a lump-sum payment or a series of payments, and in return receives periodic disbursements beginning either immediately or at a future date."
"medical";"What is the difference between a virus and a bacterium?";"Viruses are much smaller than bacteria and are not considered living organisms because they cannot reproduce on their own‚Äîthey require a host cell. Bacteria are single-celled living organisms that can reproduce independently. Antibiotics work against bacteria but not viruses, which is why viral infections often require antiviral medications or supportive care."
"medical";"What is an MRI scan and how does it work?";"MRI (Magnetic Resonance Imaging) uses strong magnetic fields and radio waves to generate detailed images of organs and tissues inside the body. The scanner detects the response of hydrogen atoms in the body when exposed to a magnetic field, and a computer converts these signals into cross-sectional images. It does not use ionizing radiation."
"medical";"What is a stroke and what are the main types?";"A stroke occurs when blood flow to part of the brain is interrupted or reduced, depriving brain tissue of oxygen and nutrients. The two main types are ischemic stroke, caused by a blood clot blocking an artery, and hemorrhagic stroke, caused by a blood vessel bursting and bleeding into the brain. Ischemic strokes account for about 87% of all strokes."
"medical";"What is the function of white blood cells?";"White blood cells, or leukocytes, are a crucial part of the immune system. They defend the body against infections and foreign invaders including bacteria, viruses, parasites, and fungi. Different types of white blood cells serve different functions: neutrophils fight bacterial infections, lymphocytes manage immune memory, and monocytes clean up damaged cells."
"medical";"What is an autoimmune disease?";"An autoimmune disease occurs when the body's immune system mistakenly attacks its own healthy cells and tissues. Instead of only targeting foreign pathogens, the immune system produces antibodies against the body's own proteins. Examples include rheumatoid arthritis, lupus, type 1 diabetes, and multiple sclerosis."
"medical";"What is cholesterol and why does it matter?";"Cholesterol is a waxy, fat-like substance found in all cells of the body. The body needs it to make hormones, vitamin D, and bile acids for digestion. However, high levels of LDL cholesterol can build up in artery walls, leading to atherosclerosis and increasing the risk of heart disease and stroke. HDL cholesterol helps remove excess cholesterol from the bloodstream."
"medical";"What is the difference between a CT scan and an X-ray?";"An X-ray produces a flat, two-dimensional image using a single beam of radiation passing through the body. A CT scan (computed tomography) takes multiple X-ray images from different angles and uses computer processing to create detailed cross-sectional images. CT scans provide much more detailed information than standard X-rays, especially for soft tissue evaluation."
"medical";"What is anemia?";"Anemia is a condition where you don't have enough healthy red blood cells or hemoglobin to carry adequate oxygen to your body's tissues. Common symptoms include fatigue, weakness, pale skin, and shortness of breath. It can result from blood loss, decreased red blood cell production, or increased destruction of red blood cells."
"medical";"What is the function of the kidneys?";"The kidneys are bean-shaped organs that filter blood to remove waste products and excess fluid, producing urine. They also regulate electrolyte balance, blood pressure, and red blood cell production. Each kidney contains about one million nephrons, which are the functional filtering units. The kidneys process approximately 200 liters of blood daily."
"medical";"What is the difference between benign and malignant tumors?";"Benign tumors are non-cancerous growths that do not spread to other parts of the body. They grow slowly, have well-defined borders, and rarely return after removal. Malignant tumors are cancerous, can invade surrounding tissues, and may metastasize to distant organs through the bloodstream or lymphatic system. Malignant tumors often grow rapidly and can be life-threatening."
"medical";"What is insulin and what role does it play in the body?";"Insulin is a hormone produced by the beta cells of the pancreas. It allows cells to absorb glucose from the bloodstream for energy or storage. When blood sugar rises after eating, insulin is released to facilitate glucose uptake by muscles, fat, and liver cells. Without adequate insulin, glucose accumulates in the blood, leading to hyperglycemia and diabetes."
"medical";"What is a clinical trial?";"A clinical trial is a research study conducted with human participants to evaluate the safety and effectiveness of new medical treatments, drugs, or devices. Trials follow strict protocols and typically progress through four phases, from small safety studies to large-scale effectiveness trials. Participants may receive the experimental treatment or a placebo."
"medical";"What is the lymphatic system?";"The lymphatic system is a network of tissues, organs, and vessels that helps maintain fluid balance and plays a crucial role in immune defense. It transports lymph‚Äîa fluid containing white blood cells‚Äîthroughout the body, filters out pathogens through lymph nodes, and returns excess interstitial fluid to the bloodstream. It also absorbs fats from the digestive system."
"medical";"What are antibiotics and how do they work?";"Antibiotics are medications that kill or inhibit the growth of bacteria. They work through various mechanisms: some disrupt bacterial cell wall synthesis, others interfere with protein production, and some block DNA replication. Antibiotics are effective only against bacterial infections and do not work against viruses. Overuse contributes to antibiotic resistance."
"medical";"What is blood pressure and what do the numbers mean?";"Blood pressure is the force of blood pushing against artery walls as the heart pumps. It is measured in millimeters of mercury (mmHg) and expressed as two numbers. The top number (systolic) represents pressure when the heart beats, and the bottom number (diastolic) represents pressure when the heart rests between beats. Normal blood pressure is typically around 120/80 mmHg."
"medical";"What is an EKG/ECG?";"An electrocardiogram (EKG or ECG) is a test that records the electrical activity of the heart over a period of time using electrodes placed on the skin. It detects heart rhythm abnormalities, heart attacks, and other cardiac conditions by measuring the timing and strength of electrical signals as they travel through the heart."
"medical";"What is the function of the liver?";"The liver is a vital organ that performs over 500 functions including detoxifying harmful substances, producing bile for digestion, synthesizing proteins, storing glycogen for energy, and metabolizing drugs. It processes nutrients absorbed from the digestive tract and plays a central role in maintaining blood sugar levels and regulating cholesterol."
"medical";"What is a vaccine and how does it work?";"A vaccine is a biological preparation that provides active acquired immunity against a specific infectious disease. It typically contains weakened or inactivated forms of the pathogen, or components of it, that stimulate the immune system to produce antibodies and memory cells without causing the disease. This prepares the body to fight future infections quickly."
"medical";"What is the difference between an epidemic and a pandemic?";"An epidemic is an outbreak of disease that affects an unusually large number of people within a specific community or region. A pandemic is an epidemic that has spread across multiple countries or continents, affecting a large number of people worldwide. The key distinction is geographic scope: epidemics are regional, while pandemics are global."
"medical";"What is a biopsy?";"A biopsy is a medical procedure in which a small sample of tissue is removed from the body for examination under a microscope. It is commonly used to diagnose cancer and other conditions by allowing pathologists to examine cells for abnormalities. Types include needle biopsy, surgical biopsy, and endoscopic biopsy."
"science";"What is photosynthesis?";"Photosynthesis is the process by which green plants, algae, and some bacteria convert light energy, usually from the sun, into chemical energy stored in glucose. Using chlorophyll in their chloroplasts, they absorb carbon dioxide from the air and water from the soil, producing glucose and oxygen as a byproduct."
"science";"What is Newton's second law of motion?";"Newton's second law states that the acceleration of an object is directly proportional to the net force acting on it and inversely proportional to its mass. It is expressed mathematically as F = ma, where F is force, m is mass, and a is acceleration. This law explains how the motion of an object changes when subjected to external forces."
"science";"What is DNA?";"DNA (deoxyribonucleic acid) is a molecule that carries the genetic instructions for the development, functioning, growth, and reproduction of all known living organisms. It has a double helix structure composed of two strands of nucleotides, each containing a sugar, phosphate group, and one of four nitrogenous bases: adenine, thymine, guanine, and cytosine."
"science";"What is the speed of light?";"The speed of light in a vacuum is approximately 299,792,458 meters per second, or about 186,282 miles per second. It is denoted by the letter c and is considered a fundamental constant of nature. According to Einstein's theory of special relativity, nothing can travel faster than the speed of light."
"science";"What is the periodic table?";"The periodic table is a tabular arrangement of chemical elements organized by their atomic number, electron configuration, and chemical properties. Elements are arranged in rows (periods) and columns (groups), with elements in the same group sharing similar chemical behavior. It was first published by Dmitri Mendeleev in 1869."
"science";"What is the greenhouse effect?";"The greenhouse effect is a natural process where certain gases in Earth's atmosphere trap heat from the sun, warming the planet's surface. Greenhouse gases like carbon dioxide, methane, and water vapor allow sunlight to pass through but absorb and re-emit infrared radiation. Without this effect, Earth's average temperature would be about -18¬∞C instead of the current 15¬∞C."
"science";"What is an atom?";"An atom is the smallest unit of an element that retains the chemical properties of that element. It consists of a nucleus containing protons and neutrons, surrounded by a cloud of electrons. Protons carry a positive charge, electrons carry a negative charge, and neutrons are electrically neutral. The number of protons defines the element."
"science";"What is evolution by natural selection?";"Evolution by natural selection is the process by which organisms with traits better suited to their environment tend to survive and reproduce more successfully than those without such traits. Over many generations, this leads to changes in the genetic composition of populations. It was independently proposed by Charles Darwin and Alfred Russel Wallace in the 19th century."
"science";"What is a black hole?";"A black hole is a region of spacetime where gravity is so strong that nothing, not even light, can escape from it. Black holes form when massive stars collapse at the end of their life cycle. They are characterized by an event horizon, beyond which the gravitational pull becomes inescapable. Despite their name, black holes can be detected through their effects on nearby matter."
"science";"What is the water cycle?";"The water cycle describes the continuous movement of water through Earth's systems. Water evaporates from oceans and lakes, rises as water vapor, condenses into clouds, and falls back as precipitation. It then flows through rivers, seeps into groundwater, or returns to the ocean, where the cycle begins again. The sun's energy drives the entire process."
"science";"What is the theory of relativity?";"Einstein's theory of relativity consists of two parts. Special relativity (1905) states that the laws of physics are the same for all observers in uniform motion and that the speed of light is constant. General relativity (1915) extends this to include gravity, describing it as the curvature of spacetime caused by mass and energy."
"science";"What is the difference between weather and climate?";"Weather refers to short-term atmospheric conditions in a specific place and time, including temperature, humidity, precipitation, wind, and cloud cover. Climate is the long-term pattern of weather conditions in a region, typically averaged over 30 years or more. Weather can change within hours, while climate change occurs over decades to centuries."
"science";"What is the difference between mitosis and meiosis?";"Mitosis is cell division that produces two identical daughter cells with the same number of chromosomes as the parent cell. It is used for growth and repair. Meiosis is cell division that produces four genetically different daughter cells with half the chromosomes, used to create sex cells (gametes). Meiosis introduces genetic variation through crossing over."
"science";"What is the electromagnetic spectrum?";"The electromagnetic spectrum is the full range of electromagnetic radiation, ordered by wavelength or frequency. It includes, from longest to shortest wavelength: radio waves, microwaves, infrared, visible light, ultraviolet, X-rays, and gamma rays. All electromagnetic radiation travels at the speed of light but differs in energy and wavelength."
"science";"What causes tides?";"Tides are primarily caused by the gravitational pull of the Moon on Earth's oceans, with the Sun also contributing a smaller effect. The Moon's gravity creates a bulge of water on the side of Earth facing it and another on the opposite side. As Earth rotates, these bulges create the rising and falling of sea levels known as high and low tides."
"science";"What is entropy?";"Entropy is a thermodynamic quantity representing the degree of disorder or randomness in a system. The second law of thermodynamics states that the total entropy of an isolated system always tends to increase over time. This means natural processes tend to move toward greater disorder. Entropy also relates to the number of possible microscopic configurations of a system."
"science";"What is the ozone layer?";"The ozone layer is a region of Earth's stratosphere, approximately 15 to 35 kilometers above the surface, that contains a high concentration of ozone (O3) molecules. It absorbs most of the Sun's harmful ultraviolet radiation, protecting life on Earth from DNA damage and skin cancer. Depletion of the ozone layer was caused by chlorofluorocarbons (CFCs)."
"science";"What is a catalyst in chemistry?";"A catalyst is a substance that increases the rate of a chemical reaction without being consumed in the process. It works by providing an alternative reaction pathway with a lower activation energy. Catalysts are widely used in industrial processes, biological systems (as enzymes), and environmental applications like catalytic converters in cars."
"science";"What is plate tectonics?";"Plate tectonics is the scientific theory that Earth's outer shell (lithosphere) is divided into several large plates that float on the semi-fluid asthenosphere beneath them. These plates move, collide, and separate, causing earthquakes, volcanic activity, and mountain formation. The movement is driven by convection currents in the mantle."
"science";"What is quantum mechanics?";"Quantum mechanics is the branch of physics that describes the behavior of matter and energy at the atomic and subatomic level. It introduces concepts like wave-particle duality, quantized energy levels, the uncertainty principle, and quantum superposition. It underpins much of modern physics, chemistry, and technology including lasers and semiconductors."
"science";"What is photovoltaic effect?";"The photovoltaic effect is the creation of voltage or electric current in a material upon exposure to light. When photons strike a semiconductor material like silicon, they transfer energy to electrons, causing them to break free from their atoms and flow as electric current. This is the fundamental principle behind solar cells and solar panels."
"history";"What was the Renaissance?";"The Renaissance was a cultural, artistic, and intellectual movement that began in Italy in the 14th century and spread across Europe through the 17th century. It marked a renewed interest in classical Greek and Roman knowledge, leading to advances in art, science, literature, and philosophy. Key figures include Leonardo da Vinci, Michelangelo, and Galileo."
"history";"What was the Industrial Revolution?";"The Industrial Revolution was a period of major industrialization and technological innovation that began in Britain in the late 18th century and spread globally. It transformed economies from agrarian to manufacturing-based, introducing steam power, mechanized factories, and mass production. It fundamentally changed social structures, urbanization, and labor practices."
"history";"What caused World War I?";"World War I was caused by a complex web of factors including militarism, alliance systems, imperialism, and nationalism. The immediate trigger was the assassination of Archduke Franz Ferdinand of Austria-Hungary in Sarajevo in 1914 by a Serbian nationalist. This set off a chain of alliance obligations that drew the major European powers into conflict."
"history";"What was the Cold War?";"The Cold War was a period of geopolitical tension between the United States and the Soviet Union and their respective allies from approximately 1947 to 1991. It was characterized by political, economic, and military rivalry without direct large-scale fighting between the two superpowers, though proxy wars occurred. It ended with the dissolution of the Soviet Union."
"history";"What was the Magna Carta?";"The Magna Carta was a charter of rights agreed to by King John of England in 1215, under pressure from rebellious barons. It established the principle that everyone, including the king, was subject to the law. It limited royal authority, protected certain rights of subjects, and influenced the development of constitutional law and democracy worldwide."
"history";"What was the French Revolution?";"The French Revolution (1789-1799) was a period of radical political and social upheaval in France. It began with the storming of the Bastille and led to the abolition of the monarchy, the establishment of a republic, and the Declaration of the Rights of Man. It was driven by inequality, financial crisis, and Enlightenment ideas about liberty and democracy."
"history";"What was the Silk Road?";"The Silk Road was a network of ancient trade routes connecting China and the Far East with the Middle East and Europe. Active from approximately the 2nd century BCE to the 15th century, it facilitated the exchange of goods like silk, spices, and precious metals, as well as ideas, religions, and technologies between civilizations."
"history";"What was the Berlin Wall?";"The Berlin Wall was a guarded concrete barrier that physically and ideologically divided Berlin from 1961 to 1989. Built by East Germany to prevent its citizens from fleeing to the West, it became a symbol of the Iron Curtain separating Western and Eastern Europe during the Cold War. Its fall on November 9, 1989, symbolized the end of communist rule in Eastern Europe."
"history";"What was the Manhattan Project?";"The Manhattan Project was a secret U.S. government research program during World War II that developed the first nuclear weapons. Led by physicist J. Robert Oppenheimer, it involved thousands of scientists and workers at sites including Los Alamos, Oak Ridge, and Hanford. It resulted in the atomic bombs dropped on Hiroshima and Nagasaki in August 1945."
"history";"What was the Treaty of Versailles?";"The Treaty of Versailles was the peace agreement signed in 1919 that officially ended World War I between Germany and the Allied Powers. It imposed heavy reparations on Germany, required it to accept responsibility for the war, and mandated territorial losses. Many historians believe its punitive terms contributed to the economic instability and resentment that led to World War II."
"history";"Who was Genghis Khan?";"Genghis Khan, born Tem√ºjin around 1162, was the founder and first ruler of the Mongol Empire, which became the largest contiguous land empire in history. He united the Mongol tribes and conquered vast territories across Asia and Eastern Europe. He was also known for establishing trade routes, religious tolerance, and a legal code called the Yasa."
"history";"What was the Reformation?";"The Reformation was a 16th-century religious movement in which Martin Luther, John Calvin, and others challenged the practices and doctrines of the Roman Catholic Church. Luther's posting of his 95 Theses in 1517 is often cited as the starting point. The movement led to the establishment of Protestant churches and fundamentally reshaped European politics and society."
"history";"What was the Space Race?";"The Space Race was a competition between the United States and the Soviet Union during the Cold War to achieve milestones in space exploration. The Soviet Union launched Sputnik, the first satellite, in 1957, and sent the first human, Yuri Gagarin, to space in 1961. The U.S. achieved the first Moon landing with Apollo 11 in 1969. It drove massive advances in technology."
"history";"What was the Enlightenment?";"The Enlightenment was an intellectual and philosophical movement that dominated Europe in the 17th and 18th centuries. It emphasized reason, individualism, and skepticism of traditional authority. Key thinkers included John Locke, Voltaire, Rousseau, and Immanuel Kant. It influenced democratic revolutions and the development of modern science and secular governance."
"geography";"What is the longest river in the world?";"The Nile River in Africa is generally considered the longest river in the world, stretching approximately 6,650 kilometers. However, some measurements suggest the Amazon River in South America may be longer. The Nile flows northward through eleven countries before emptying into the Mediterranean Sea."
"geography";"What is the largest desert in the world?";"The largest desert in the world is Antarctica, which is classified as a polar desert with an area of about 14.2 million square kilometers. The largest hot desert is the Sahara in Africa, covering approximately 9.2 million square kilometers. Deserts are defined by low precipitation, not temperature."
"geography";"What is the Ring of Fire?";"The Ring of Fire is a horseshoe-shaped zone around the edges of the Pacific Ocean where a large number of earthquakes and volcanic eruptions occur. It stretches approximately 40,000 kilometers and is associated with tectonic plate boundaries. About 75% of the world's active volcanoes and 90% of earthquakes occur along this ring."
"geography";"What is the difference between latitude and longitude?";"Latitude lines run east-west and measure distance north or south of the equator, ranging from 0¬∞ at the equator to 90¬∞ at the poles. Longitude lines run north-south and measure distance east or west of the Prime Meridian, ranging from 0¬∞ to 180¬∞. Together, they form a coordinate system for identifying any location on Earth."
"geography";"What causes earthquakes?";"Earthquakes are caused by the sudden release of energy in the Earth's crust, usually due to the movement of tectonic plates along fault lines. When stress accumulates along plate boundaries and exceeds the friction holding the rocks together, the plates slip suddenly, sending seismic waves through the ground that we feel as shaking."
"geography";"What is the Amazon Rainforest?";"The Amazon Rainforest is the world's largest tropical rainforest, covering approximately 5.5 million square kilometers across nine South American countries, with the majority in Brazil. It is home to an estimated 10% of all species on Earth and plays a critical role in global climate regulation by absorbing carbon dioxide and producing oxygen."
"geography";"What is the Mariana Trench?";"The Mariana Trench is the deepest known point in the ocean, located in the western Pacific Ocean east of the Mariana Islands. Its deepest point, Challenger Deep, reaches approximately 10,994 meters below sea level. It was formed by the subduction of the Pacific Plate beneath the Mariana Plate."
"geography";"What is a monsoon?";"A monsoon is a seasonal change in the direction of prevailing winds, typically bringing heavy rainfall. Monsoons are caused by temperature differences between land and ocean, which shift wind patterns. The South Asian monsoon is the most well-known, bringing intense rains to the Indian subcontinent from June to September, which is crucial for agriculture."
"geography";"What are the Great Lakes?";"The Great Lakes are a group of five large freshwater lakes in North America along the U.S.-Canada border: Superior, Michigan, Huron, Erie, and Ontario. Together they contain about 21% of the world's surface freshwater. Lake Superior is the largest by surface area, and the lakes were formed by glacial activity during the last ice age."
"geography";"What is the continental shelf?";"The continental shelf is the extended perimeter of a continent that lies underwater before dropping off steeply to the ocean floor. It is relatively shallow, typically less than 200 meters deep, and extends from the shoreline to the shelf break. Continental shelves are rich in marine life and natural resources including oil and natural gas."
"law";"What is the difference between civil law and criminal law?";"Civil law deals with disputes between individuals or organizations, typically involving claims for compensation or specific performance. Criminal law deals with offenses against the state or society, where the government prosecutes individuals for violating statutes. Civil cases require a preponderance of evidence, while criminal cases require proof beyond a reasonable doubt."
"law";"What is habeas corpus?";"Habeas corpus is a legal principle that protects individuals from unlawful detention by requiring the government to justify holding a person in custody before a court. A habeas corpus petition asks a judge to determine whether the imprisonment is lawful. It is considered a fundamental safeguard of personal liberty in common law systems."
"law";"What is the difference between a misdemeanor and a felony?";"A misdemeanor is a less serious criminal offense typically punishable by fines, probation, or up to one year in a local jail. A felony is a more serious crime punishable by imprisonment of more than one year in a state or federal prison. Examples of misdemeanors include petty theft and minor assault, while felonies include murder, robbery, and arson."
"law";"What is intellectual property?";"Intellectual property (IP) refers to creations of the mind that are protected by law, including inventions, literary and artistic works, designs, symbols, names, and images used in commerce. The main types of IP protection are patents, copyrights, trademarks, and trade secrets. IP rights allow creators to benefit from their work for a specified period."
"law";"What is due process?";"Due process is a constitutional guarantee that the government must respect all legal rights owed to a person. It ensures fair treatment through the judicial system, including the right to notice, a fair hearing, and an impartial decision-maker. The Fifth and Fourteenth Amendments to the U.S. Constitution protect due process rights at the federal and state levels."
"law";"What is a class action lawsuit?";"A class action lawsuit is a legal action filed by one or more plaintiffs on behalf of a larger group of people who have suffered similar harm or injury from the same defendant. This allows many people with similar claims to combine their cases, making litigation more efficient and cost-effective. Settlements or judgments typically apply to all class members."
"law";"What is the difference between common law and statutory law?";"Common law is law developed through court decisions and judicial precedent over time, where judges interpret and apply existing principles to new cases. Statutory law is law enacted by a legislative body, such as Congress or a state legislature, in the form of written statutes. Both coexist in most legal systems, with statutory law taking precedence when they conflict."
"law";"What is the Fourth Amendment?";"The Fourth Amendment to the U.S. Constitution protects individuals from unreasonable searches and seizures by the government. It requires law enforcement to obtain a warrant based on probable cause before conducting most searches. This amendment is fundamental to privacy rights and has been interpreted to cover various forms of surveillance and data collection."
"law";"What is tort law?";"Tort law is a body of law that addresses civil wrongs that cause harm or loss to others. When someone's wrongful conduct causes injury to another person, the injured party may sue for damages. Common torts include negligence, defamation, product liability, and intentional infliction of emotional distress. The purpose is to compensate victims and deter harmful behavior."
"law";"What is the presumption of innocence?";"The presumption of innocence is a fundamental legal principle stating that a person accused of a crime is considered innocent until proven guilty beyond a reasonable doubt. The burden of proof lies with the prosecution, not the defendant. This principle is a cornerstone of criminal justice systems in democratic societies and protects individuals from wrongful conviction."
"law";"What is arbitration?";"Arbitration is a form of alternative dispute resolution where parties agree to submit their dispute to one or more neutral arbitrators who make a binding decision. It is generally faster and less formal than court litigation. Arbitration is commonly used in commercial contracts, labor disputes, and consumer agreements. The decision, called an award, is usually final and enforceable."
"python_coding";"What is a list comprehension in Python?";"A list comprehension is a concise way to create lists in Python using a single line of code. The syntax is [expression for item in iterable if condition]. For example, [x**2 for x in range(10) if x % 2 == 0] creates a list of squares of even numbers from 0 to 9. It is generally more readable and faster than using a traditional for loop with append."
"python_coding";"What is the difference between a list and a tuple in Python?";"Lists are mutable sequences defined with square brackets [], meaning their elements can be changed after creation. Tuples are immutable sequences defined with parentheses (), meaning once created, their elements cannot be modified. Tuples are slightly more memory-efficient and faster than lists, and they can be used as dictionary keys because of their immutability."
"python_coding";"What does the `__init__` method do in a Python class?";"The __init__ method is a special method in Python classes that serves as the constructor. It is automatically called when a new instance of the class is created. It is used to initialize the object's attributes and set up its initial state. The first parameter is always self, which refers to the instance being created."
"python_coding";"What is a decorator in Python?";"A decorator is a function that takes another function as an argument and extends or modifies its behavior without permanently changing it. Decorators are applied using the @decorator_name syntax placed above a function definition. Common built-in decorators include @staticmethod, @classmethod, and @property. They are widely used in frameworks like Flask and Django."
"python_coding";"What is the Global Interpreter Lock (GIL) in Python?";"The Global Interpreter Lock (GIL) is a mutex in CPython that allows only one thread to execute Python bytecode at a time, even on multi-core processors. This simplifies memory management but limits true parallelism for CPU-bound tasks. The GIL does not affect I/O-bound tasks or multiprocessing. It is a CPython implementation detail, not a Python language feature."
"python_coding";"What are *args and **kwargs in Python?";"*args allows a function to accept any number of positional arguments as a tuple. **kwargs allows a function to accept any number of keyword arguments as a dictionary. They provide flexibility when you don't know in advance how many arguments will be passed. For example: def func(*args, **kwargs): handles both func(1, 2, 3) and func(name='Alice')."
"python_coding";"What is a generator in Python?";"A generator is a function that returns an iterator using the yield keyword instead of return. Each time yield is called, the function's state is saved and the yielded value is produced. Generators are memory-efficient because they generate values lazily, one at a time, rather than storing the entire sequence in memory. They are useful for working with large datasets."
"python_coding";"What is the difference between == and is in Python?";"The == operator checks if two objects have the same value (equality), while the is operator checks if two references point to the same object in memory (identity). For example, a = [1, 2] and b = [1, 2] gives a == b as True but a is b as False because they are separate objects with the same contents."
"python_coding";"What is a virtual environment in Python?";"A virtual environment is an isolated Python environment that allows you to install packages specific to a project without affecting the system-wide Python installation. Created using python -m venv or tools like virtualenv, it has its own Python binary and pip. This prevents dependency conflicts between projects that require different versions of the same package."
"python_coding";"What is pip in Python?";"Pip is the default package manager for Python, used to install, upgrade, and manage third-party packages from the Python Package Index (PyPI). Common commands include pip install package_name, pip uninstall package_name, and pip freeze to list installed packages. Pip resolves dependencies automatically and is included with Python 3.4 and later."
"python_coding";"What is a lambda function in Python?";"A lambda function is a small anonymous function defined using the lambda keyword. It can take any number of arguments but can only have one expression. The syntax is: lambda arguments: expression. For example, square = lambda x: x**2 creates a function that squares its input. Lambdas are often used with functions like map(), filter(), and sorted()."
"python_coding";"What is exception handling in Python?";"Exception handling in Python uses try/except blocks to catch and handle errors gracefully without crashing the program. The try block contains code that might raise an exception, and the except block handles it. You can also use else for code that runs if no exception occurred, and finally for cleanup code that always runs regardless of whether an exception was raised."
"python_coding";"What is the difference between append() and extend() for Python lists?";"The append() method adds a single element to the end of a list. The extend() method adds all elements from an iterable to the end of the list. For example, [1,2].append([3,4]) gives [1,2,[3,4]], while [1,2].extend([3,4]) gives [1,2,3,4]. The key difference is that append treats the argument as a single item, while extend iterates over it."
"python_coding";"What is a dictionary in Python?";"A dictionary in Python is an unordered collection of key-value pairs, defined using curly braces {}. Keys must be unique and hashable, while values can be any type. Dictionaries provide O(1) average-time complexity for lookups, insertions, and deletions. Since Python 3.7, dictionaries maintain insertion order as an implementation detail."
"python_coding";"What is the with statement in Python?";"The with statement in Python is used for resource management via context managers. It ensures that setup and cleanup actions are performed automatically, even if exceptions occur. The most common use is with file operations: with open('file.txt') as f: ensures the file is properly closed after the block executes. Custom context managers can be created using __enter__ and __exit__ methods."
"python_coding";"What is NumPy and why is it used?";"NumPy is a fundamental Python library for numerical computing. It provides support for large, multi-dimensional arrays and matrices, along with a collection of mathematical functions to operate on them efficiently. NumPy arrays are much faster than Python lists for numerical operations because they are stored in contiguous memory and operations are implemented in optimized C code."
"python_coding";"What is the difference between deepcopy and shallow copy?";"A shallow copy creates a new object but inserts references to the objects found in the original. A deep copy creates a new object and recursively copies all objects found in the original. With shallow copy, changes to nested objects affect both copies. With deep copy, the copies are completely independent. Python provides these via the copy module: copy.copy() and copy.deepcopy()."
"python_coding";"What is a Python module?";"A Python module is a file containing Python code‚Äîfunctions, classes, and variables‚Äîthat can be imported and used in other Python programs. Modules help organize code into reusable components. You import them using the import statement. Python's standard library includes many modules like os, sys, and math. You can also create your own modules by saving Python code in .py files."
"python_coding";"What is asyncio in Python?";"Asyncio is a Python library for writing concurrent code using the async/await syntax. It provides an event loop that manages and distributes tasks, allowing I/O-bound operations to run concurrently without threads. Functions defined with async def are coroutines, and await is used to pause execution until a result is available. It is particularly useful for network programming and API calls."
"python_coding";"What is type hinting in Python?";"Type hints in Python are optional annotations that indicate the expected types of variables, function parameters, and return values. Introduced in Python 3.5 via PEP 484, they use the syntax def func(x: int) -> str:. Type hints don't enforce types at runtime but are used by static analysis tools like mypy to catch type errors before execution. They improve code readability and maintainability."
"python_coding";"What is the difference between a set and a list in Python?";"A set is an unordered collection of unique elements, defined with curly braces {} or set(). A list is an ordered collection that allows duplicates, defined with square brackets []. Sets provide O(1) average lookup time, while list lookups are O(n). Sets support mathematical operations like union, intersection, and difference. Lists support indexing and slicing."
"python_coding";"What is pandas in Python?";"Pandas is a Python library for data manipulation and analysis. It provides two main data structures: Series (one-dimensional) and DataFrame (two-dimensional, tabular). Pandas excels at handling structured data, offering powerful tools for reading CSV and Excel files, filtering, grouping, merging, reshaping, and handling missing data. It is built on top of NumPy."
"python_coding";"What is the __name__ == '__main__' pattern in Python?";"The if __name__ == '__main__': pattern allows a Python file to act both as a reusable module and as a standalone script. When a file is run directly, __name__ is set to '__main__', so the code inside the if block executes. When the file is imported as a module, __name__ is set to the module's name, so the if block is skipped. This is a common Python idiom."
"python_coding";"What is a context manager in Python?";"A context manager is an object that defines the methods __enter__ and __exit__ to set up and tear down resources used in a with statement. The __enter__ method runs when entering the with block, and __exit__ runs when leaving it, even if an exception occurs. Python also provides the contextlib module with utilities like @contextmanager decorator to create context managers from generator functions."
"python_coding";"What is monkey patching in Python?";"Monkey patching is the practice of dynamically modifying or extending modules, classes, or functions at runtime. For example, you can replace a method on an existing class by assigning a new function to it. While it can be useful for testing, debugging, or quick fixes, monkey patching is generally considered risky because it makes code harder to understand and can introduce subtle bugs."
"python_coding";"What is the difference between @staticmethod and @classmethod?";"A @staticmethod doesn't receive any implicit first argument‚Äîit's just a regular function that lives inside a class namespace. A @classmethod receives the class itself as the first argument (conventionally called cls), allowing it to access or modify class-level state. Use @staticmethod for utility functions that don't need access to the class, and @classmethod for factory methods or methods that need to work with class attributes."
"python_coding";"What is pickling in Python?";"Pickling is Python's built-in mechanism for serializing and deserializing objects‚Äîconverting them to a byte stream and back. The pickle module can serialize most Python objects, including custom classes. You use pickle.dump() to write to a file and pickle.load() to read back. Pickling is useful for caching, saving state, and inter-process communication, but it has security risks with untrusted data."
"python_coding";"What is the difference between a process and a thread in Python?";"A process is an independent program execution with its own memory space, while a thread is a lightweight unit of execution within a process that shares memory with other threads. Python's threading module is limited by the GIL for CPU-bound tasks, while the multiprocessing module creates separate processes that bypass the GIL. Threads are better for I/O-bound tasks, processes for CPU-bound tasks."
"python_coding";"What is a dataclass in Python?";"A dataclass, introduced in Python 3.7 via the @dataclass decorator, automatically generates special methods like __init__, __repr__, __eq__, and __hash__ for classes that primarily store data. It reduces boilerplate code by using type annotations to define fields. You can customize behavior with parameters like frozen=True for immutability or order=True for comparison methods."
"python_coding";"What is Flask?";"Flask is a lightweight Python web framework designed for building web applications and APIs. It follows a minimalist philosophy, providing core features like URL routing, request handling, and template rendering while leaving other choices to the developer. It uses Jinja2 for templating and Werkzeug for WSGI utilities. Flask is popular for microservices and small to medium applications."
"python_coding";"What is the difference between range() and xrange() in Python?";"In Python 2, range() returned a list while xrange() returned an iterator that generated values on demand, making it more memory-efficient for large sequences. In Python 3, range() behaves like Python 2's xrange(), returning a range object that generates values lazily. xrange() was removed in Python 3 since range() already provides the efficient behavior."
"python_coding";"What is the map() function in Python?";"The map() function applies a given function to each item of an iterable and returns a map object (iterator) of the results. The syntax is map(function, iterable). For example, map(str, [1, 2, 3]) converts each integer to a string. In Python 3, map() returns an iterator rather than a list, so you may need to wrap it with list() to get a list."
"python_coding";"What is the walrus operator in Python?";"The walrus operator (:=), introduced in Python 3.8 via PEP 572, allows you to assign a value to a variable as part of an expression. For example, if (n := len(data)) > 10: assigns the length to n and checks the condition in one step. It is useful in while loops, list comprehensions, and conditional expressions where you need both the value and a condition check."
"python_coding";"What is the GIL-free mode in Python 3.13?";"Python 3.13 introduced an experimental free-threaded mode (also called no-GIL mode) that disables the Global Interpreter Lock, allowing true parallel execution of threads on multiple CPU cores. This is enabled via the --disable-gil flag or by installing the free-threaded build (python3.13t). It aims to improve performance for CPU-bound multithreaded programs while maintaining backward compatibility."
"python_coding";"What is the match statement in Python?";"The match statement, introduced in Python 3.10, provides structural pattern matching similar to switch/case in other languages but more powerful. It can match literal values, sequences, mappings, class instances, and even nested patterns with guards. The syntax uses match/case keywords. For example, match command: case 'quit': exit() case ['go', direction]: move(direction)."
"python_coding";"What is the purpose of __slots__ in Python?";"__slots__ is a class variable that restricts instance attributes to a fixed set, preventing the creation of __dict__ for each instance. This reduces memory usage significantly when creating many instances. Define it as __slots__ = ['attr1', 'attr2']. Instances can only have the listed attributes. It also provides slightly faster attribute access but prevents dynamic attribute assignment."
"python_coding";"What is the difference between yield and return in Python?";"The return statement exits a function and sends a value back to the caller, terminating the function's execution. The yield statement pauses the function, saves its state, and produces a value to the caller. The function can be resumed later from where it left off. Functions with yield become generators, producing a sequence of values lazily over multiple calls via next()."
"python_coding";"What is the purpose of the collections module?";"The collections module provides specialized container data types beyond the built-in dict, list, set, and tuple. Key classes include Counter for counting elements, defaultdict for dictionaries with default values, OrderedDict for ordered dictionaries, deque for double-ended queues, and namedtuple for lightweight object creation with named fields. These are optimized for specific use cases."
"python_coding";"What is the abc module in Python?";"The abc (Abstract Base Classes) module provides tools for defining abstract base classes. Using the ABC class and @abstractmethod decorator, you can create classes that cannot be instantiated directly and require subclasses to implement specific methods. This enforces interface contracts and is useful for defining APIs that multiple implementations must follow."
"python_coding";"What is f-string formatting in Python?";"F-strings, introduced in Python 3.6, are string literals prefixed with f that allow embedding expressions inside curly braces {}. For example, f'Hello, {name}!' or f'Result: {2+3}'. They support format specifications like f'{value:.2f}' for two decimal places. F-strings are evaluated at runtime and are faster and more readable than older formatting methods like % or .format()."
"python_coding";"What is the purpose of requirements.txt?";"A requirements.txt file lists all Python package dependencies for a project, one per line, optionally with version constraints. It is used with pip install -r requirements.txt to install all dependencies. The format supports exact versions (package==1.0), minimum versions (package>=1.0), and version ranges. It is a standard way to make Python project environments reproducible."
"python_coding";"What is the enumerate() function?";"The enumerate() function adds a counter to an iterable and returns an enumerate object. It is commonly used in for loops when you need both the index and value: for i, val in enumerate(my_list):. You can specify a start value: enumerate(my_list, start=1). It is more Pythonic than manually maintaining a counter variable."
"python_coding";"What is the zip() function in Python?";"The zip() function takes two or more iterables and returns an iterator of tuples, where each tuple contains the corresponding elements from each iterable. For example, zip([1,2,3], ['a','b','c']) yields [(1,'a'), (2,'b'), (3,'c')]. It stops at the shortest iterable. In Python 3.10+, zip(strict=True) raises an error if iterables have different lengths."
"python_coding";"What is pytest?";"Pytest is a popular Python testing framework that makes it easy to write simple and scalable tests. It uses plain assert statements instead of special assertion methods, supports fixtures for test setup and teardown, and has powerful features like parameterized testing and plugin support. Tests are discovered automatically by naming files test_*.py and functions test_*."
"python_coding";"What is the pathlib module in Python?";"The pathlib module, introduced in Python 3.4, provides object-oriented filesystem path manipulation. It replaces many os.path functions with a more intuitive API. Path objects support operations like path / 'subdir' for joining, path.exists(), path.read_text(), and path.glob('*.py'). It handles cross-platform path differences automatically and is now the recommended way to work with file paths."
"python_coding";"What is the difference between sort() and sorted() in Python?";"The sort() method sorts a list in-place and returns None, modifying the original list. The sorted() function returns a new sorted list without modifying the original. Both accept key and reverse parameters. sort() is a list method and only works on lists, while sorted() is a built-in function that works on any iterable. Use sorted() when you need to preserve the original order."
"python_coding";"What is a property in Python?";"A property in Python allows you to define methods that can be accessed like attributes, using the @property decorator. It provides getter, setter, and deleter functionality, enabling controlled access to instance attributes. For example, @property def name(self): return self._name defines a getter, and @name.setter def name(self, value): self._name = value defines a setter."
"typescript_coding";"What is TypeScript and how does it differ from JavaScript?";"TypeScript is a statically typed superset of JavaScript developed by Microsoft. It adds optional type annotations, interfaces, enums, generics, and other features to JavaScript. TypeScript code is transpiled to plain JavaScript for execution. It catches type errors at compile time rather than runtime, improving code reliability and developer productivity, especially in large codebases."
"typescript_coding";"What is an interface in TypeScript?";"An interface in TypeScript defines the shape of an object by specifying the types of its properties and methods. It is a compile-time construct used for type checking and does not generate any JavaScript code. Interfaces support optional properties (?), readonly properties, and can be extended by other interfaces. They are commonly used to define contracts for function parameters and API responses."
"typescript_coding";"What are generics in TypeScript?";"Generics allow you to create reusable components that work with multiple types while maintaining type safety. They use type parameters, typically denoted with angle brackets like <T>. For example, function identity<T>(arg: T): T { return arg; } works with any type. Generics are widely used in collections, Promise types, and utility types like Partial<T> and Record<K,V>."
"typescript_coding";"What is the difference between type and interface in TypeScript?";"Both type and interface can define object shapes, but they have differences. Interfaces can be extended and merged (declaration merging), while types use intersections (&) for combination. Types can define unions, tuples, and mapped types that interfaces cannot. Interfaces are generally preferred for object shapes and public APIs, while types are better for complex type operations and unions."
"typescript_coding";"What is a union type in TypeScript?";"A union type allows a variable to hold values of multiple types, defined using the pipe operator |. For example, let value: string | number means value can be a string or a number. TypeScript requires type narrowing (using typeof, instanceof, or discriminated unions) before accessing type-specific properties. Union types are fundamental for handling values that can be one of several types."
"typescript_coding";"What are utility types in TypeScript?";"Utility types are built-in generic types that transform existing types. Common examples include Partial<T> (makes all properties optional), Required<T> (makes all required), Readonly<T> (makes all readonly), Pick<T,K> (selects specific properties), Omit<T,K> (removes specific properties), and Record<K,V> (creates a type with keys K and values V). They reduce boilerplate in type definitions."
"typescript_coding";"What is the any type in TypeScript?";"The any type in TypeScript disables type checking for a variable, allowing it to hold any value without compiler errors. While it provides flexibility, overusing any defeats the purpose of TypeScript's type system. It is often used when migrating JavaScript code to TypeScript or when the type is truly unknown. The unknown type is a safer alternative that still requires type narrowing."
"typescript_coding";"What is a type guard in TypeScript?";"A type guard is an expression that narrows the type of a variable within a conditional block. Common type guards include typeof checks (typeof x === 'string'), instanceof checks, and custom type predicates (function isString(x: any): x is string). After a type guard, TypeScript knows the specific type and provides appropriate IntelliSense and type safety within that scope."
"typescript_coding";"What is the never type in TypeScript?";"The never type represents values that never occur. It is the return type of functions that always throw exceptions or have infinite loops. It is also used in exhaustive type checking with discriminated unions‚Äîif all cases are handled, the remaining case should be of type never. Assigning a value to a never type causes a compile error, which helps catch missed cases."
"typescript_coding";"What are decorators in TypeScript?";"Decorators are special declarations that can be attached to classes, methods, properties, and parameters to modify their behavior. They use the @ syntax (e.g., @Component) and are functions that receive metadata about the decorated element. Decorators are widely used in frameworks like Angular and NestJS. TypeScript 5.0+ supports the TC39 Stage 3 decorator proposal natively."
"typescript_coding";"What is the difference between null and undefined in TypeScript?";"In TypeScript, undefined means a variable has been declared but not assigned a value, while null represents an intentional absence of a value. With strict null checks enabled (strictNullChecks), neither can be assigned to other types without explicit union types. TypeScript treats them as distinct types: undefined is type undefined and null is type null."
"typescript_coding";"What is a mapped type in TypeScript?";"A mapped type creates a new type by transforming each property of an existing type. The syntax uses the in keyof pattern: type ReadonlyType<T> = { readonly [K in keyof T]: T[K] }. This iterates over all keys of T and applies the readonly modifier. Built-in utility types like Partial, Required, and Readonly are implemented as mapped types. They are powerful for creating type variations programmatically."
"typescript_coding";"What is type narrowing in TypeScript?";"Type narrowing is the process of refining a broad type to a more specific one within a code block using control flow analysis. TypeScript narrows types based on typeof checks, instanceof checks, equality checks, in operator, and custom type predicates. For example, after if (typeof x === 'string'), TypeScript knows x is a string inside the block and provides string-specific methods."
"typescript_coding";"What is the readonly modifier in TypeScript?";"The readonly modifier prevents a property from being reassigned after initialization. It can be applied to class properties, interface properties, and array types (ReadonlyArray<T> or readonly T[]). readonly properties can only be set in the constructor or at declaration. It provides compile-time immutability‚Äîthe JavaScript output has no runtime enforcement."
"typescript_coding";"What is a discriminated union in TypeScript?";"A discriminated union is a pattern where multiple types share a common literal property (the discriminant) that TypeScript uses to narrow the type. For example: type Shape = { kind: 'circle'; radius: number } | { kind: 'square'; side: number }. In a switch on shape.kind, TypeScript knows the exact type in each case. This pattern enables type-safe handling of different variants."
"typescript_coding";"What is the unknown type in TypeScript?";"The unknown type is a type-safe counterpart to any. Like any, it can hold any value, but unlike any, you cannot perform operations on an unknown value without first narrowing its type through type guards. This forces developers to verify the type before using the value, preventing accidental type errors. It is the recommended type for values whose type is not known at compile time."
"typescript_coding";"What is declaration merging in TypeScript?";"Declaration merging is a TypeScript feature where the compiler combines multiple declarations with the same name into a single definition. This is most commonly used with interfaces: if you declare the same interface name twice, their members are merged. It also works with namespaces and certain module augmentations. This feature is useful for extending third-party type definitions."
"typescript_coding";"What are conditional types in TypeScript?";"Conditional types select one of two types based on a condition, using the syntax T extends U ? X : Y. If T is assignable to U, the type resolves to X; otherwise Y. They enable powerful type-level programming. For example, type IsString<T> = T extends string ? true : false. Combined with infer, they can extract types from complex structures. Built-in types like ReturnType<T> use conditional types internally."
"general";"What is the Internet of Things (IoT)?";"The Internet of Things refers to the network of physical devices embedded with sensors, software, and connectivity that enables them to collect and exchange data. Examples include smart thermostats, wearable fitness trackers, and industrial sensors. IoT enables automation, remote monitoring, and data-driven decision-making across industries from healthcare to agriculture."
"general";"What is blockchain technology?";"Blockchain is a distributed digital ledger technology that records transactions across many computers in a way that makes the records difficult to alter retroactively. Each block contains a cryptographic hash of the previous block, a timestamp, and transaction data. This chain of blocks creates a transparent, tamper-resistant record. It underpins cryptocurrencies like Bitcoin and has applications in supply chain, voting, and contracts."
"general";"What is machine learning?";"Machine learning is a subset of artificial intelligence where algorithms learn patterns from data to make predictions or decisions without being explicitly programmed. It encompasses supervised learning (labeled data), unsupervised learning (finding hidden patterns), and reinforcement learning (learning through rewards). Common applications include recommendation systems, image recognition, and natural language processing."
"general";"What is cloud computing?";"Cloud computing is the delivery of computing services‚Äîincluding servers, storage, databases, networking, software, and analytics‚Äîover the internet. Instead of owning physical infrastructure, organizations rent resources from cloud providers like AWS, Azure, and Google Cloud. Benefits include scalability, cost efficiency, and global accessibility. Models include IaaS, PaaS, and SaaS."
"general";"What is an API?";"An API (Application Programming Interface) is a set of rules and protocols that allows different software applications to communicate with each other. It defines the methods and data formats for requesting and exchanging information. APIs can be RESTful (using HTTP methods), GraphQL, or SOAP-based. They enable integration between services, such as payment processing or social media authentication."
"general";"What is cybersecurity?";"Cybersecurity is the practice of protecting computer systems, networks, and data from unauthorized access, theft, and damage. It encompasses areas including network security, application security, endpoint protection, encryption, access control, and incident response. Common threats include malware, phishing, ransomware, and denial-of-service attacks."
"general";"What is 5G technology?";"5G is the fifth generation of cellular network technology, offering significantly faster data speeds, lower latency, and greater capacity than 4G LTE. It operates on three frequency bands: low-band for wide coverage, mid-band for balanced speed and coverage, and high-band (millimeter wave) for extremely fast speeds over short distances. 5G enables applications like autonomous vehicles, remote surgery, and massive IoT deployments."
"general";"What is CRISPR?";"CRISPR (Clustered Regularly Interspaced Short Palindromic Repeats) is a revolutionary gene-editing technology that allows scientists to precisely modify DNA sequences in living organisms. Using the Cas9 enzyme as molecular scissors guided by an RNA template, CRISPR can cut, delete, or insert specific genetic sequences. It has applications in treating genetic diseases, agriculture, and biological research."
"general";"What is a neural network?";"A neural network is a computing system inspired by biological neural networks in the brain. It consists of layers of interconnected nodes (neurons) that process information. Input data flows through hidden layers where weighted connections transform it, producing outputs. Neural networks learn by adjusting weights through backpropagation. Deep neural networks with many layers enable complex tasks like image recognition and language translation."
"general";"What is quantum computing?";"Quantum computing uses quantum mechanical phenomena like superposition and entanglement to process information. Unlike classical bits that are either 0 or 1, quantum bits (qubits) can exist in multiple states simultaneously. This allows quantum computers to solve certain problems exponentially faster than classical computers, particularly in cryptography, drug discovery, and optimization problems."
"general";"What is the difference between HTTP and HTTPS?";"HTTP (HyperText Transfer Protocol) is the protocol used for transferring data between a web browser and a website. HTTPS adds encryption through TLS/SSL, making the connection secure. HTTPS protects data integrity and confidentiality by encrypting all communication, preventing eavesdropping and man-in-the-middle attacks. Websites using HTTPS display a padlock icon in the browser."
